SEND_SQL,SEND_DATABASE,RECEIVE_DATABASE,DEST,TRANS_STATUS,SEND_DATE_UTC,SEND_DATE_LOC,SEND_UTC_OFFSET,SEND_DATA_ROW,SEND_RECORD,SEND_VOLUME,SIZE_IN_MB,SEND_IDRS_NODE,REC_IDRS_NODE,SEND_PRODUCT,REC_PRODUCT,SEND_BU,REC_BU,SEND_COUNTRY,REC_COUNTRY,RECEIVE_DATE_UTC,RECEIVE_DATE_LOC,REC_UTC_OFFSET,BATCH_NAME,BATCH_DATE
F5796EU1,ITORDER,ITSCPIX2,ITSCPIX2,RDY,6/1/2019 18:55,6/1/2019 18:55,+00:00,710452,710475,870793809,830.45,ITIDR18 - itseelm-lx0169.ikea.com,ITIDR18 - itseelm-lx0169.ikea.com,OMS,SCPIX,,,,,6/1/2019 18:59,6/1/2019 18:59,+00:00,ITSCPIX2,6/1/2019 18:55
F5796EU1,ITORDER,ITSCPIX2,ITSCPIX2,RDY,6/2/2019 18:53,6/2/2019 18:53,+00:00,407688,407711,499778494,476.63,ITIDR18 - itseelm-lx0169.ikea.com,ITIDR18 - itseelm-lx0169.ikea.com,OMS,SCPIX,,,,,6/2/2019 18:55,6/2/2019 18:55,+00:00,ITSCPIX2,6/2/2019 18:53
F5796EU1,ITORDER,ITSCPIX2,ITSCPIX2,RDY,6/3/2019 18:58,6/3/2019 18:58,+00:00,1519228,1519251,999016438,952.74,ITIDR18 - itseelm-lx0169.ikea.com,ITIDR18 - itseelm-lx0169.ikea.com,OMS,SCPIX,,,,,6/3/2019 19:00,6/3/2019 19:00,+00:00,ITSCPIX2,6/3/2019 18:58
F5796EU1,ITORDER,ITSCPIX2,ITSCPIX2,RDY,6/4/2019 18:56,6/4/2019 18:56,+00:00,1341033,1341056,999774293,953.46,ITIDR18 - itseelm-lx0169.ikea.com,ITIDR18 - itseelm-lx0169.ikea.com,OMS,SCPIX,,,,,6/4/2019 19:00,6/4/2019 19:00,+00:00,ITSCPIX2,6/4/2019 18:56
F5796EU1,ITORDER,ITSCPIX2,ITSCPIX2,RDY,6/5/2019 18:58,6/5/2019 18:58,+00:00,1334527,1334550,999754592,953.44,ITIDR18 - itseelm-lx0169.ikea.com,ITIDR18 - itseelm-lx0169.ikea.com,OMS,SCPIX,,,,,6/5/2019 19:00,6/5/2019 19:00,+00:00,ITSCPIX2,6/5/2019 18:58
F5796EU1,ITORDER,ITSCPIX2,ITSCPIX2,RDY,6/6/2019 18:59,6/6/2019 18:59,+00:00,1268683,1268706,999021116,952.74,ITIDR18 - itseelm-lx0169.ikea.com,ITIDR18 - itseelm-lx0169.ikea.com,OMS,SCPIX,,,,,6/6/2019 19:00,6/6/2019 19:00,+00:00,ITSCPIX2,6/6/2019 18:59
F5796EU1,ITORDER,ITSCPIX2,ITSCPIX2,RDY,6/7/2019 18:59,6/7/2019 18:59,+00:00,1149780,1149803,999215959,952.93,ITIDR18 - itseelm-lx0169.ikea.com,ITIDR18 - itseelm-lx0169.ikea.com,OMS,SCPIX,,,,,6/7/2019 19:00,6/7/2019 19:00,+00:00,ITSCPIX2,6/7/2019 18:59
F5796EU1,ITORDER,ITSCPIX2,ITSCPIX2,RDY,6/8/2019 18:56,6/8/2019 18:56,+00:00,603382,603405,739528115,705.27,ITIDR18 - itseelm-lx0169.ikea.com,ITIDR18 - itseelm-lx0169.ikea.com,OMS,SCPIX,,,,,6/8/2019 19:01,6/8/2019 19:01,+00:00,ITSCPIX2,6/8/2019 18:56
F5796EU1,ITORDER,ITSCPIX2,ITSCPIX2,RDY,6/9/2019 18:53,6/9/2019 18:53,+00:00,405035,405058,496550293,473.55,ITIDR18 - itseelm-lx0169.ikea.com,ITIDR18 - itseelm-lx0169.ikea.com,OMS,SCPIX,,,,,6/9/2019 18:56,6/9/2019 18:56,+00:00,ITSCPIX2,6/9/2019 18:53
F5796EU1,ITORDER,ITSCPIX2,ITSCPIX2,RDY,6/10/2019 18:54,6/10/2019 18:54,+00:00,1295174,1295197,999629928,953.32,ITIDR18 - itseelm-lx0169.ikea.com,ITIDR18 - itseelm-lx0169.ikea.com,OMS,SCPIX,,,,,6/10/2019 18:57,6/10/2019 18:57,+00:00,ITSCPIX2,6/10/2019 18:54
F5796EU1,ITORDER,ITSCPIX2,ITSCPIX2,RDY,6/11/2019 19:00,6/11/2019 19:00,+00:00,1359603,1359626,999603407,953.3,ITIDR18 - itseelm-lx0169.ikea.com,ITIDR18 - itseelm-lx0169.ikea.com,OMS,SCPIX,,,,,6/11/2019 19:01,6/11/2019 19:01,+00:00,ITSCPIX2,6/11/2019 19:00
F5796EU1,ITORDER,ITSCPIX2,ITSCPIX2,RDY,6/12/2019 18:59,6/12/2019 18:59,+00:00,1400073,1400096,999182013,952.89,ITIDR18 - itseelm-lx0169.ikea.com,ITIDR18 - itseelm-lx0169.ikea.com,OMS,SCPIX,,,,,6/12/2019 19:01,6/12/2019 19:01,+00:00,ITSCPIX2,6/12/2019 18:59
F5796EU1,ITORDER,ITSCPIX2,ITSCPIX2,RDY,6/13/2019 19:00,6/13/2019 19:00,+00:00,1366969,1366992,999535861,953.23,ITIDR18 - itseelm-lx0169.ikea.com,ITIDR18 - itseelm-lx0169.ikea.com,OMS,SCPIX,,,,,6/13/2019 19:02,6/13/2019 19:02,+00:00,ITSCPIX2,6/13/2019 19:00
F5796EU1,ITORDER,ITSCPIX2,ITSCPIX2,RDY,6/14/2019 19:01,6/14/2019 19:01,+00:00,1346516,1346539,999419265,953.12,ITIDR18 - itseelm-lx0169.ikea.com,ITIDR18 - itseelm-lx0169.ikea.com,OMS,SCPIX,,,,,6/14/2019 19:02,6/14/2019 19:02,+00:00,ITSCPIX2,6/14/2019 19:01
F5796EU1,ITORDER,ITSCPIX2,ITSCPIX2,RDY,6/15/2019 18:56,6/15/2019 18:56,+00:00,694455,694478,851167963,811.74,ITIDR18 - itseelm-lx0169.ikea.com,ITIDR18 - itseelm-lx0169.ikea.com,OMS,SCPIX,,,,,6/15/2019 18:57,6/15/2019 18:57,+00:00,ITSCPIX2,6/15/2019 18:56
F5796EU1,ITORDER,ITSCPIX2,ITSCPIX2,RDY,6/16/2019 18:53,6/16/2019 18:53,+00:00,399769,399792,490074077,467.37,ITIDR18 - itseelm-lx0169.ikea.com,ITIDR18 - itseelm-lx0169.ikea.com,OMS,SCPIX,,,,,6/16/2019 18:57,6/16/2019 18:57,+00:00,ITSCPIX2,6/16/2019 18:53
F5796EU1,ITORDER,ITSCPIX2,ITSCPIX2,RDY,6/17/2019 18:56,6/17/2019 18:56,+00:00,1564616,1564639,999680852,953.37,ITIDR18 - itseelm-lx0169.ikea.com,ITIDR18 - itseelm-lx0169.ikea.com,OMS,SCPIX,,,,,6/17/2019 18:58,6/17/2019 18:58,+00:00,ITSCPIX2,6/17/2019 18:56
F5796EU1,ITORDER,ITSCPIX2,ITSCPIX2,RDY,6/18/2019 18:58,6/18/2019 18:58,+00:00,1436023,1436046,999218342,952.93,ITIDR18 - itseelm-lx0169.ikea.com,ITIDR18 - itseelm-lx0169.ikea.com,OMS,SCPIX,,,,,6/18/2019 19:03,6/18/2019 19:03,+00:00,ITSCPIX2,6/18/2019 18:58
F5796EU1,ITORDER,ITSCPIX2,ITSCPIX2,RDY,6/19/2019 19:00,6/19/2019 19:00,+00:00,1449791,1449814,999056545,952.77,ITIDR18 - itseelm-lx0169.ikea.com,ITIDR18 - itseelm-lx0169.ikea.com,OMS,SCPIX,,,,,6/19/2019 19:03,6/19/2019 19:03,+00:00,ITSCPIX2,6/19/2019 19:00
F5796EU1,ITORDER,ITSCPIX2,ITSCPIX2,RDY,6/20/2019 18:57,6/20/2019 18:57,+00:00,1112271,1112294,999399556,953.1,ITIDR18 - itseelm-lx0169.ikea.com,ITIDR18 - itseelm-lx0169.ikea.com,OMS,SCPIX,,,,,6/20/2019 18:58,6/20/2019 18:58,+00:00,ITSCPIX2,6/20/2019 18:57
F5796EU1,ITORDER,ITSCPIX2,ITSCPIX2,RDY,6/21/2019 18:57,6/21/2019 18:57,+00:00,1200491,1200514,999564331,953.26,ITIDR18 - itseelm-lx0169.ikea.com,ITIDR18 - itseelm-lx0169.ikea.com,OMS,SCPIX,,,,,6/21/2019 18:58,6/21/2019 18:58,+00:00,ITSCPIX2,6/21/2019 18:57
F5796EU1,ITORDER,ITSCPIX2,ITSCPIX2,RDY,6/22/2019 18:56,6/22/2019 18:56,+00:00,614198,614221,752831782,717.96,ITIDR18 - itseelm-lx0169.ikea.com,ITIDR18 - itseelm-lx0169.ikea.com,OMS,SCPIX,,,,,6/22/2019 18:58,6/22/2019 18:58,+00:00,ITSCPIX2,6/22/2019 18:56
F5796EU1,ITORDER,ITSCPIX2,ITSCPIX2,RDY,6/23/2019 20:09,6/23/2019 20:09,+00:00,413024,413047,506323912,482.87,ITIDR18 - itseelm-lx0169.ikea.com,ITIDR18 - itseelm-lx0169.ikea.com,OMS,SCPIX,,,,,6/23/2019 20:14,6/23/2019 20:14,+00:00,ITSCPIX2,6/23/2019 20:09
F5796EU1,ITORDER,ITSCPIX2,ITSCPIX2,RDY,6/24/2019 18:57,6/24/2019 18:57,+00:00,1479093,1479116,999846446,953.53,ITIDR18 - itseelm-lx0169.ikea.com,ITIDR18 - itseelm-lx0169.ikea.com,OMS,SCPIX,,,,,6/24/2019 18:59,6/24/2019 18:59,+00:00,ITSCPIX2,6/24/2019 18:57
F5796EU1,ITORDER,ITSCPIX2,ITSCPIX2,RDY,6/25/2019 19:01,6/25/2019 19:01,+00:00,1372113,1372136,999863037,953.54,ITIDR18 - itseelm-lx0169.ikea.com,ITIDR18 - itseelm-lx0169.ikea.com,OMS,SCPIX,,,,,6/25/2019 19:04,6/25/2019 19:04,+00:00,ITSCPIX2,6/25/2019 19:01
F5796EU1,ITORDER,ITSCPIX2,ITSCPIX2,RDY,6/26/2019 18:59,6/26/2019 18:59,+00:00,1392908,1392931,999342475,953.05,ITIDR18 - itseelm-lx0169.ikea.com,ITIDR18 - itseelm-lx0169.ikea.com,OMS,SCPIX,,,,,6/26/2019 19:05,6/26/2019 19:05,+00:00,ITSCPIX2,6/26/2019 18:59
F5796EU1,ITORDER,ITSCPIX2,ITSCPIX2,RDY,6/27/2019 19:02,6/27/2019 19:02,+00:00,1442099,1442122,999537168,953.23,ITIDR18 - itseelm-lx0169.ikea.com,ITIDR18 - itseelm-lx0169.ikea.com,OMS,SCPIX,,,,,6/27/2019 19:05,6/27/2019 19:05,+00:00,ITSCPIX2,6/27/2019 19:02
F5796EU1,ITORDER,ITSCPIX2,ITSCPIX2,RDY,6/28/2019 18:59,6/28/2019 18:59,+00:00,1375068,1375091,999360874,953.06,ITIDR18 - itseelm-lx0169.ikea.com,ITIDR18 - itseelm-lx0169.ikea.com,OMS,SCPIX,,,,,6/28/2019 19:00,6/28/2019 19:00,+00:00,ITSCPIX2,6/28/2019 18:59
F5796EU1,ITORDER,ITSCPIX2,ITSCPIX2,RDY,6/29/2019 18:56,6/29/2019 18:56,+00:00,702430,702453,860939471,821.06,ITIDR18 - itseelm-lx0169.ikea.com,ITIDR18 - itseelm-lx0169.ikea.com,OMS,SCPIX,,,,,6/29/2019 19:00,6/29/2019 19:00,+00:00,ITSCPIX2,6/29/2019 18:56
F5796EU1,ITORDER,ITSCPIX2,ITSCPIX2,RDY,6/30/2019 18:53,6/30/2019 18:53,+00:00,330196,330219,404782188,386.03,ITIDR18 - itseelm-lx0169.ikea.com,ITIDR18 - itseelm-lx0169.ikea.com,OMS,SCPIX,,,,,6/30/2019 18:56,6/30/2019 18:56,+00:00,ITSCPIX2,6/30/2019 18:53
F5796EU1,ITORDER,ITSCPIX2,ITSCPIX2,RDY,7/1/2019 18:57,7/1/2019 18:57,+00:00,1573373,1573396,999536073,953.23,ITIDR18 - itseelm-lx0169.ikea.com,ITIDR18 - itseelm-lx0169.ikea.com,OMS,SCPIX,,,,,7/1/2019 19:01,7/1/2019 19:01,+00:00,ITSCPIX2,7/1/2019 18:57
F5796EU1,ITORDER,ITSCPIX2,ITSCPIX2,RDY,7/2/2019 19:00,7/2/2019 19:00,+00:00,1437834,1437857,999272691,952.98,ITIDR18 - itseelm-lx0169.ikea.com,ITIDR18 - itseelm-lx0169.ikea.com,OMS,SCPIX,,,,,7/2/2019 19:03,7/2/2019 19:03,+00:00,ITSCPIX2,7/2/2019 19:00
F5796EU1,ITORDER,ITSCPIX2,ITSCPIX2,RDY,7/3/2019 19:00,7/3/2019 19:00,+00:00,1426347,1426370,999250662,952.96,ITIDR18 - itseelm-lx0169.ikea.com,ITIDR18 - itseelm-lx0169.ikea.com,OMS,SCPIX,,,,,7/3/2019 19:03,7/3/2019 19:03,+00:00,ITSCPIX2,7/3/2019 19:00
F5796EU1,ITORDER,ITSCPIX2,ITSCPIX2,RDY,7/4/2019 18:59,7/4/2019 18:59,+00:00,1405785,1405808,999026873,952.75,ITIDR18 - itseelm-lx0169.ikea.com,ITIDR18 - itseelm-lx0169.ikea.com,OMS,SCPIX,,,,,7/4/2019 19:04,7/4/2019 19:04,+00:00,ITSCPIX2,7/4/2019 18:59
F5796EU1,ITORDER,ITSCPIX2,ITSCPIX2,RDY,7/5/2019 18:58,7/5/2019 18:58,+00:00,1362245,1362268,999674406,953.36,ITIDR18 - itseelm-lx0169.ikea.com,ITIDR18 - itseelm-lx0169.ikea.com,OMS,SCPIX,,,,,7/5/2019 18:59,7/5/2019 18:59,+00:00,ITSCPIX2,7/5/2019 18:58
F5796EU1,ITORDER,ITSCPIX2,ITSCPIX2,RDY,7/6/2019 18:55,7/6/2019 18:55,+00:00,692469,692492,848729691,809.41,ITIDR18 - itseelm-lx0169.ikea.com,ITIDR18 - itseelm-lx0169.ikea.com,OMS,SCPIX,,,,,7/6/2019 18:59,7/6/2019 18:59,+00:00,ITSCPIX2,7/6/2019 18:55
F5796EU1,ITORDER,ITSCPIX2,ITSCPIX2,RDY,7/7/2019 18:52,7/7/2019 18:52,+00:00,432998,433021,530805828,506.22,ITIDR18 - itseelm-lx0169.ikea.com,ITIDR18 - itseelm-lx0169.ikea.com,OMS,SCPIX,,,,,7/7/2019 18:55,7/7/2019 18:55,+00:00,ITSCPIX2,7/7/2019 18:52
F5796EU1,ITORDER,ITSCPIX2,ITSCPIX2,RDY,7/8/2019 18:56,7/8/2019 18:56,+00:00,1567783,1567806,999658461,953.35,ITIDR18 - itseelm-lx0169.ikea.com,ITIDR18 - itseelm-lx0169.ikea.com,OMS,SCPIX,,,,,7/8/2019 19:00,7/8/2019 19:00,+00:00,ITSCPIX2,7/8/2019 18:56
F5796EU1,ITORDER,ITSCPIX2,ITSCPIX2,RDY,7/9/2019 19:01,7/9/2019 19:01,+00:00,1421741,1421764,999693981,953.38,ITIDR18 - itseelm-lx0169.ikea.com,ITIDR18 - itseelm-lx0169.ikea.com,OMS,SCPIX,,,,,7/9/2019 19:05,7/9/2019 19:05,+00:00,ITSCPIX2,7/9/2019 19:01
F5796EU1,ITORDER,ITSCPIX2,ITSCPIX2,RDY,7/10/2019 19:00,7/10/2019 19:00,+00:00,1433143,1433166,999649522,953.34,ITIDR18 - itseelm-lx0169.ikea.com,ITIDR18 - itseelm-lx0169.ikea.com,OMS,SCPIX,,,,,7/10/2019 19:05,7/10/2019 19:05,+00:00,ITSCPIX2,7/10/2019 19:00
F5796EU1,ITORDER,ITSCPIX2,ITSCPIX2,RDY,7/11/2019 18:59,7/11/2019 18:59,+00:00,1403150,1403173,999860539,953.54,ITIDR18 - itseelm-lx0169.ikea.com,ITIDR18 - itseelm-lx0169.ikea.com,OMS,SCPIX,,,,,7/11/2019 19:01,7/11/2019 19:01,+00:00,ITSCPIX2,7/11/2019 18:59
F5796EU1,ITORDER,ITSCPIX2,ITSCPIX2,RDY,7/12/2019 18:58,7/12/2019 18:58,+00:00,1368046,1368069,999765146,953.45,ITIDR18 - itseelm-lx0169.ikea.com,ITIDR18 - itseelm-lx0169.ikea.com,OMS,SCPIX,,,,,7/12/2019 19:01,7/12/2019 19:01,+00:00,ITSCPIX2,7/12/2019 18:58
F5796EU1,ITORDER,ITSCPIX2,ITSCPIX2,RDY,7/13/2019 18:57,7/13/2019 18:57,+00:00,720429,720452,882958131,842.05,ITIDR18 - itseelm-lx0169.ikea.com,ITIDR18 - itseelm-lx0169.ikea.com,OMS,SCPIX,,,,,7/13/2019 19:01,7/13/2019 19:01,+00:00,ITSCPIX2,7/13/2019 18:57
F5796EU1,ITORDER,ITSCPIX2,ITSCPIX2,RDY,7/14/2019 18:53,7/14/2019 18:53,+00:00,431929,431952,529500320,504.97,ITIDR18 - itseelm-lx0169.ikea.com,ITIDR18 - itseelm-lx0169.ikea.com,OMS,SCPIX,,,,,7/14/2019 18:57,7/14/2019 18:57,+00:00,ITSCPIX2,7/14/2019 18:53
F5796EU1,ITORDER,ITSCPIX2,ITSCPIX2,RDY,7/15/2019 18:57,7/15/2019 18:57,+00:00,1559754,1559777,999843870,953.53,ITIDR18 - itseelm-lx0169.ikea.com,ITIDR18 - itseelm-lx0169.ikea.com,OMS,SCPIX,,,,,7/15/2019 19:02,7/15/2019 19:02,+00:00,ITSCPIX2,7/15/2019 18:57
F5796EU1,ITORDER,ITSCPIX2,ITSCPIX2,RDY,7/16/2019 18:59,7/16/2019 18:59,+00:00,1453263,1453286,999344785,953.05,ITIDR18 - itseelm-lx0169.ikea.com,ITIDR18 - itseelm-lx0169.ikea.com,OMS,SCPIX,,,,,7/16/2019 19:02,7/16/2019 19:02,+00:00,ITSCPIX2,7/16/2019 18:59
F5796EU1,ITORDER,ITSCPIX2,ITSCPIX2,RDY,7/17/2019 18:59,7/17/2019 18:59,+00:00,1462515,1462538,999652826,953.34,ITIDR18 - itseelm-lx0169.ikea.com,ITIDR18 - itseelm-lx0169.ikea.com,OMS,SCPIX,,,,,7/17/2019 19:02,7/17/2019 19:02,+00:00,ITSCPIX2,7/17/2019 18:59
F5796EU1,ITORDER,ITSCPIX2,ITSCPIX2,RDY,7/18/2019 18:58,7/18/2019 18:58,+00:00,1451470,1451493,999143139,952.86,ITIDR18 - itseelm-lx0169.ikea.com,ITIDR18 - itseelm-lx0169.ikea.com,OMS,SCPIX,,,,,7/18/2019 19:03,7/18/2019 19:03,+00:00,ITSCPIX2,7/18/2019 18:58
F5796EU1,ITORDER,ITSCPIX2,ITSCPIX2,RDY,7/19/2019 18:59,7/19/2019 18:59,+00:00,1395018,1395041,999900868,953.58,ITIDR18 - itseelm-lx0169.ikea.com,ITIDR18 - itseelm-lx0169.ikea.com,OMS,SCPIX,,,,,7/19/2019 19:03,7/19/2019 19:03,+00:00,ITSCPIX2,7/19/2019 18:59
F5796EU1,ITORDER,ITSCPIX2,ITSCPIX2,RDY,7/20/2019 18:58,7/20/2019 18:58,+00:00,721814,721837,884691382,843.71,ITIDR18 - itseelm-lx0169.ikea.com,ITIDR18 - itseelm-lx0169.ikea.com,OMS,SCPIX,,,,,7/20/2019 19:03,7/20/2019 19:03,+00:00,ITSCPIX2,7/20/2019 18:58
F5796EU1,ITORDER,ITSCPIX2,ITSCPIX2,RDY,7/21/2019 18:54,7/21/2019 18:54,+00:00,429694,429717,526756526,502.35,ITIDR18 - itseelm-lx0169.ikea.com,ITIDR18 - itseelm-lx0169.ikea.com,OMS,SCPIX,,,,,7/21/2019 18:58,7/21/2019 18:58,+00:00,ITSCPIX2,7/21/2019 18:54
F5796EU1,ITORDER,ITSCPIX2,ITSCPIX2,RDY,7/22/2019 19:00,7/22/2019 19:00,+00:00,1547047,1547070,999257333,952.97,ITIDR18 - itseelm-lx0169.ikea.com,ITIDR18 - itseelm-lx0169.ikea.com,OMS,SCPIX,,,,,7/22/2019 19:04,7/22/2019 19:04,+00:00,ITSCPIX2,7/22/2019 19:00
F5796EU1,ITORDER,ITSCPIX2,ITSCPIX2,RDY,7/23/2019 19:02,7/23/2019 19:02,+00:00,1466429,1466452,999472013,953.17,ITIDR18 - itseelm-lx0169.ikea.com,ITIDR18 - itseelm-lx0169.ikea.com,OMS,SCPIX,,,,,7/23/2019 19:04,7/23/2019 19:04,+00:00,ITSCPIX2,7/23/2019 19:02
F5796EU1,ITORDER,ITSCPIX2,ITSCPIX2,RDY,7/24/2019 19:00,7/24/2019 19:00,+00:00,1427480,1427503,999746344,953.43,ITIDR18 - itseelm-lx0169.ikea.com,ITIDR18 - itseelm-lx0169.ikea.com,OMS,SCPIX,,,,,7/24/2019 19:05,7/24/2019 19:05,+00:00,ITSCPIX2,7/24/2019 19:00
F5796EU1,ITORDER,ITSCPIX2,ITSCPIX2,RDY,7/25/2019 19:00,7/25/2019 19:00,+00:00,1421775,1421798,999702771,953.39,ITIDR18 - itseelm-lx0169.ikea.com,ITIDR18 - itseelm-lx0169.ikea.com,OMS,SCPIX,,,,,7/25/2019 19:05,7/25/2019 19:05,+00:00,ITSCPIX2,7/25/2019 19:00
F5796EU1,ITORDER,ITSCPIX2,ITSCPIX2,RDY,7/26/2019 18:59,7/26/2019 18:59,+00:00,1385929,1385952,999776607,953.46,ITIDR18 - itseelm-lx0169.ikea.com,ITIDR18 - itseelm-lx0169.ikea.com,OMS,SCPIX,,,,,7/26/2019 19:01,7/26/2019 19:01,+00:00,ITSCPIX2,7/26/2019 18:59
F5796EU1,ITORDER,ITSCPIX2,ITSCPIX2,RDY,7/27/2019 18:56,7/27/2019 18:56,+00:00,707914,707937,867649371,827.45,ITIDR18 - itseelm-lx0169.ikea.com,ITIDR18 - itseelm-lx0169.ikea.com,OMS,SCPIX,,,,,7/27/2019 19:01,7/27/2019 19:01,+00:00,ITSCPIX2,7/27/2019 18:56
F5796EU1,ITORDER,ITSCPIX2,ITSCPIX2,RDY,7/28/2019 18:52,7/28/2019 18:52,+00:00,419485,419508,514222720,490.4,ITIDR18 - itseelm-lx0169.ikea.com,ITIDR18 - itseelm-lx0169.ikea.com,OMS,SCPIX,,,,,7/28/2019 18:56,7/28/2019 18:56,+00:00,ITSCPIX2,7/28/2019 18:52
F5796EU1,ITORDER,ITSCPIX2,ITSCPIX2,RDY,7/29/2019 18:57,7/29/2019 18:57,+00:00,1497095,1497118,999998959,953.67,ITIDR18 - itseelm-lx0169.ikea.com,ITIDR18 - itseelm-lx0169.ikea.com,OMS,SCPIX,,,,,7/29/2019 19:02,7/29/2019 19:02,+00:00,ITSCPIX2,7/29/2019 18:57
F5796EU1,ITORDER,ITSCPIX2,ITSCPIX2,RDY,7/30/2019 18:59,7/30/2019 18:59,+00:00,1419647,1419670,999124586,952.84,ITIDR18 - itseelm-lx0169.ikea.com,ITIDR18 - itseelm-lx0169.ikea.com,OMS,SCPIX,,,,,7/30/2019 19:02,7/30/2019 19:02,+00:00,ITSCPIX2,7/30/2019 18:59
F5796EU1,ITORDER,ITSCPIX2,ITSCPIX2,RDY,7/31/2019 18:58,7/31/2019 18:58,+00:00,1469212,1469235,999926628,953.6,ITIDR18 - itseelm-lx0169.ikea.com,ITIDR18 - itseelm-lx0169.ikea.com,OMS,SCPIX,,,,,7/31/2019 19:02,7/31/2019 19:02,+00:00,ITSCPIX2,7/31/2019 18:58
F5796EU1,ITORDER,ITSCPIX2,ITSCPIX2,RDY,8/1/2019 19:03,8/1/2019 19:03,+00:00,1425679,1425702,999544128,953.24,ITIDR18 - itseelm-lx0169.ikea.com,ITIDR18 - itseelm-lx0169.ikea.com,OMS,SCPIX,,,,,8/1/2019 19:08,8/1/2019 19:08,+00:00,ITSCPIX2,8/1/2019 19:03
F5796EU1,ITORDER,ITSCPIX2,ITSCPIX2,RDY,8/2/2019 18:59,8/2/2019 18:59,+00:00,1346896,1346919,999897829,953.58,ITIDR18 - itseelm-lx0169.ikea.com,ITIDR18 - itseelm-lx0169.ikea.com,OMS,SCPIX,,,,,8/2/2019 19:03,8/2/2019 19:03,+00:00,ITSCPIX2,8/2/2019 18:59
F5796EU1,ITORDER,ITSCPIX2,ITSCPIX2,RDY,8/3/2019 18:57,8/3/2019 18:57,+00:00,715093,715116,876460828,835.86,ITIDR18 - itseelm-lx0169.ikea.com,ITIDR18 - itseelm-lx0169.ikea.com,OMS,SCPIX,,,,,8/3/2019 18:58,8/3/2019 18:58,+00:00,ITSCPIX2,8/3/2019 18:57
F5796EU1,ITORDER,ITSCPIX2,ITSCPIX2,RDY,8/4/2019 18:53,8/4/2019 18:53,+00:00,445356,445379,545975038,520.68,ITIDR18 - itseelm-lx0169.ikea.com,ITIDR18 - itseelm-lx0169.ikea.com,OMS,SCPIX,,,,,8/4/2019 18:54,8/4/2019 18:54,+00:00,ITSCPIX2,8/4/2019 18:53
F5796EU1,ITORDER,ITSCPIX2,ITSCPIX2,RDY,8/5/2019 18:57,8/5/2019 18:57,+00:00,1577234,1577257,999274196,952.98,ITIDR18 - itseelm-lx0169.ikea.com,ITIDR18 - itseelm-lx0169.ikea.com,OMS,SCPIX,,,,,8/5/2019 18:59,8/5/2019 18:59,+00:00,ITSCPIX2,8/5/2019 18:57
F5796EU1,ITORDER,ITSCPIX2,ITSCPIX2,RDY,8/6/2019 18:59,8/6/2019 18:59,+00:00,1502159,1502182,999307891,953.01,ITIDR18 - itseelm-lx0169.ikea.com,ITIDR18 - itseelm-lx0169.ikea.com,OMS,SCPIX,,,,,8/6/2019 19:05,8/6/2019 19:05,+00:00,ITSCPIX2,8/6/2019 18:59
F5796EU1,ITORDER,ITSCPIX2,ITSCPIX2,RDY,8/7/2019 18:59,8/7/2019 18:59,+00:00,1537345,1537368,999431546,953.13,ITIDR18 - itseelm-lx0169.ikea.com,ITIDR18 - itseelm-lx0169.ikea.com,OMS,SCPIX,,,,,8/7/2019 19:00,8/7/2019 19:00,+00:00,ITSCPIX2,8/7/2019 18:59
F5796EU1,ITORDER,ITSCPIX2,ITSCPIX2,RDY,8/8/2019 19:00,8/8/2019 19:00,+00:00,1503532,1503555,999968407,953.64,ITIDR18 - itseelm-lx0169.ikea.com,ITIDR18 - itseelm-lx0169.ikea.com,OMS,SCPIX,,,,,8/8/2019 19:01,8/8/2019 19:01,+00:00,ITSCPIX2,8/8/2019 19:00
F5796EU1,ITORDER,ITSCPIX2,ITSCPIX2,RDY,8/9/2019 19:00,8/9/2019 19:00,+00:00,1460784,1460807,999498683,953.2,ITIDR18 - itseelm-lx0169.ikea.com,ITIDR18 - itseelm-lx0169.ikea.com,OMS,SCPIX,,,,,8/9/2019 19:01,8/9/2019 19:01,+00:00,ITSCPIX2,8/9/2019 19:00
F5796EU1,ITORDER,ITSCPIX2,ITSCPIX2,RDY,8/10/2019 19:07,8/10/2019 19:07,+00:00,692184,692207,848352934,809.05,ITIDR18 - itseelm-lx0169.ikea.com,ITIDR18 - itseelm-lx0169.ikea.com,OMS,SCPIX,,,,,8/10/2019 19:12,8/10/2019 19:12,+00:00,ITSCPIX2,8/10/2019 19:07
F5796EU1,ITORDER,ITSCPIX2,ITSCPIX2,RDY,8/11/2019 18:53,8/11/2019 18:53,+00:00,440007,440030,539364110,514.38,ITIDR18 - itseelm-lx0169.ikea.com,ITIDR18 - itseelm-lx0169.ikea.com,OMS,SCPIX,,,,,8/11/2019 18:57,8/11/2019 18:57,+00:00,ITSCPIX2,8/11/2019 18:53
F5796EU1,ITORDER,ITSCPIX2,ITSCPIX2,RDY,8/12/2019 18:58,8/12/2019 18:58,+00:00,1586763,1586786,999908411,953.59,ITIDR18 - itseelm-lx0169.ikea.com,ITIDR18 - itseelm-lx0169.ikea.com,OMS,SCPIX,,,,,8/12/2019 19:02,8/12/2019 19:02,+00:00,ITSCPIX2,8/12/2019 18:58
F5796EU1,ITORDER,ITSCPIX2,ITSCPIX2,RDY,8/13/2019 18:58,8/13/2019 18:58,+00:00,1506214,1506237,999290794,953,ITIDR18 - itseelm-lx0169.ikea.com,ITIDR18 - itseelm-lx0169.ikea.com,OMS,SCPIX,,,,,8/13/2019 19:03,8/13/2019 19:03,+00:00,ITSCPIX2,8/13/2019 18:58
F5796EU1,ITORDER,ITSCPIX2,ITSCPIX2,RDY,8/14/2019 18:59,8/14/2019 18:59,+00:00,1562810,1562833,999612638,953.3,ITIDR18 - itseelm-lx0169.ikea.com,ITIDR18 - itseelm-lx0169.ikea.com,OMS,SCPIX,,,,,8/14/2019 19:03,8/14/2019 19:03,+00:00,ITSCPIX2,8/14/2019 18:59
F5796EU1,ITORDER,ITSCPIX2,ITSCPIX2,RDY,8/15/2019 18:56,8/15/2019 18:56,+00:00,1118117,1118140,999479508,953.18,ITIDR18 - itseelm-lx0169.ikea.com,ITIDR18 - itseelm-lx0169.ikea.com,OMS,SCPIX,,,,,8/15/2019 18:58,8/15/2019 18:58,+00:00,ITSCPIX2,8/15/2019 18:56
F5796EU1,ITORDER,ITSCPIX2,ITSCPIX2,RDY,8/16/2019 18:58,8/16/2019 18:58,+00:00,1379104,1379127,999371390,953.07,ITIDR18 - itseelm-lx0169.ikea.com,ITIDR18 - itseelm-lx0169.ikea.com,OMS,SCPIX,,,,,8/16/2019 19:04,8/16/2019 19:04,+00:00,ITSCPIX2,8/16/2019 18:58
F5796EU1,ITORDER,ITSCPIX2,ITSCPIX2,RDY,8/17/2019 18:57,8/17/2019 18:57,+00:00,749586,749609,918697747,876.14,ITIDR18 - itseelm-lx0169.ikea.com,ITIDR18 - itseelm-lx0169.ikea.com,OMS,SCPIX,,,,,8/17/2019 18:59,8/17/2019 18:59,+00:00,ITSCPIX2,8/17/2019 18:57
F5796EU1,ITORDER,ITSCPIX2,ITSCPIX2,RDY,8/18/2019 18:53,8/18/2019 18:53,+00:00,443328,443351,543465378,518.29,ITIDR18 - itseelm-lx0169.ikea.com,ITIDR18 - itseelm-lx0169.ikea.com,OMS,SCPIX,,,,,8/18/2019 18:55,8/18/2019 18:55,+00:00,ITSCPIX2,8/18/2019 18:53
F5796EU1,ITORDER,ITSCPIX2,ITSCPIX2,RDY,8/19/2019 19:00,8/19/2019 19:00,+00:00,1649810,1649833,999237582,952.95,ITIDR18 - itseelm-lx0169.ikea.com,ITIDR18 - itseelm-lx0169.ikea.com,OMS,SCPIX,,,,,8/19/2019 19:05,8/19/2019 19:05,+00:00,ITSCPIX2,8/19/2019 19:00
F5796EU1,ITORDER,ITSCPIX2,ITSCPIX2,RDY,8/20/2019 19:04,8/20/2019 19:04,+00:00,1638109,1638132,999869528,953.55,ITIDR18 - itseelm-lx0169.ikea.com,ITIDR18 - itseelm-lx0169.ikea.com,OMS,SCPIX,,,,,8/20/2019 19:06,8/20/2019 19:06,+00:00,ITSCPIX2,8/20/2019 19:04
F5796EU1,ITORDER,ITSCPIX2,ITSCPIX2,RDY,8/21/2019 19:04,8/21/2019 19:04,+00:00,1623304,1623327,999748902,953.43,ITIDR18 - itseelm-lx0169.ikea.com,ITIDR18 - itseelm-lx0169.ikea.com,OMS,SCPIX,,,,,8/21/2019 19:06,8/21/2019 19:06,+00:00,ITSCPIX2,8/21/2019 19:04
F5796EU1,ITORDER,ITSCPIX2,ITSCPIX2,RDY,8/22/2019 19:04,8/22/2019 19:04,+00:00,1570134,1570157,999524830,953.22,ITIDR18 - itseelm-lx0169.ikea.com,ITIDR18 - itseelm-lx0169.ikea.com,OMS,SCPIX,,,,,8/22/2019 19:07,8/22/2019 19:07,+00:00,ITSCPIX2,8/22/2019 19:04
F5796EU1,ITORDER,ITSCPIX2,ITSCPIX2,RDY,8/23/2019 19:06,8/23/2019 19:06,+00:00,1523580,1523603,999434209,953.13,ITIDR18 - itseelm-lx0169.ikea.com,ITIDR18 - itseelm-lx0169.ikea.com,OMS,SCPIX,,,,,8/23/2019 19:07,8/23/2019 19:07,+00:00,ITSCPIX2,8/23/2019 19:06
F5796EU1,ITORDER,ITSCPIX2,ITSCPIX2,RDY,8/24/2019 19:00,8/24/2019 19:00,+00:00,724743,724766,888303576,847.15,ITIDR18 - itseelm-lx0169.ikea.com,ITIDR18 - itseelm-lx0169.ikea.com,OMS,SCPIX,,,,,8/24/2019 19:02,8/24/2019 19:02,+00:00,ITSCPIX2,8/24/2019 19:00
F5796EU1,ITORDER,ITSCPIX2,ITSCPIX2,RDY,8/25/2019 18:57,8/25/2019 18:57,+00:00,496233,496256,608312811,580.13,ITIDR18 - itseelm-lx0169.ikea.com,ITIDR18 - itseelm-lx0169.ikea.com,OMS,SCPIX,,,,,8/25/2019 18:58,8/25/2019 18:58,+00:00,ITSCPIX2,8/25/2019 18:57
F5796EU1,ITORDER,ITSCPIX2,ITSCPIX2,RDY,8/26/2019 19:00,8/26/2019 19:00,+00:00,1630998,1631021,999123835,952.84,ITIDR18 - itseelm-lx0169.ikea.com,ITIDR18 - itseelm-lx0169.ikea.com,OMS,SCPIX,,,,,8/26/2019 19:04,8/26/2019 19:04,+00:00,ITSCPIX2,8/26/2019 19:00
F5796EU1,ITORDER,ITSCPIX2,ITSCPIX2,RDY,8/27/2019 19:05,8/27/2019 19:05,+00:00,1556693,1556716,999099750,952.82,ITIDR18 - itseelm-lx0169.ikea.com,ITIDR18 - itseelm-lx0169.ikea.com,OMS,SCPIX,,,,,8/27/2019 19:09,8/27/2019 19:09,+00:00,ITSCPIX2,8/27/2019 19:05
F5796EU1,ITORDER,ITSCPIX2,ITSCPIX2,RDY,8/28/2019 19:04,8/28/2019 19:04,+00:00,1590252,1590275,999255755,952.96,ITIDR18 - itseelm-lx0169.ikea.com,ITIDR18 - itseelm-lx0169.ikea.com,OMS,SCPIX,,,,,8/28/2019 19:10,8/28/2019 19:10,+00:00,ITSCPIX2,8/28/2019 19:04
F5796EU1,ITORDER,ITSCPIX2,ITSCPIX2,RDY,8/29/2019 19:04,8/29/2019 19:04,+00:00,1483051,1483074,999777399,953.46,ITIDR18 - itseelm-lx0169.ikea.com,ITIDR18 - itseelm-lx0169.ikea.com,OMS,SCPIX,,,,,8/29/2019 19:05,8/29/2019 19:05,+00:00,ITSCPIX2,8/29/2019 19:04
F5796EU1,ITORDER,ITSCPIX2,ITSCPIX2,RDY,8/30/2019 19:03,8/30/2019 19:03,+00:00,1360659,1360682,999711275,953.4,ITIDR18 - itseelm-lx0169.ikea.com,ITIDR18 - itseelm-lx0169.ikea.com,OMS,SCPIX,,,,,8/30/2019 19:05,8/30/2019 19:05,+00:00,ITSCPIX2,8/30/2019 19:03
F5796EU1,ITORDER,ITSCPIX2,ITSCPIX2,RDY,8/31/2019 19:02,8/31/2019 19:02,+00:00,848628,848651,999149186,952.86,ITIDR18 - itseelm-lx0169.ikea.com,ITIDR18 - itseelm-lx0169.ikea.com,OMS,SCPIX,,,,,8/31/2019 19:06,8/31/2019 19:06,+00:00,ITSCPIX2,8/31/2019 19:02
F5796EU1,ITORDER,ITSCPIX2,ITSCPIX2,RDY,9/1/2019 18:56,9/1/2019 18:56,+00:00,435642,435665,534052721,509.31,ITIDR18 - itseelm-lx0169.ikea.com,ITIDR18 - itseelm-lx0169.ikea.com,OMS,SCPIX,,,,,9/1/2019 19:01,9/1/2019 19:01,+00:00,ITSCPIX2,9/1/2019 18:56
F5796EU1,ITORDER,ITSCPIX2,ITSCPIX2,RDY,9/2/2019 19:04,9/2/2019 19:04,+00:00,1554748,1554771,999630037,953.32,ITIDR18 - itseelm-lx0169.ikea.com,ITIDR18 - itseelm-lx0169.ikea.com,OMS,SCPIX,,,,,9/2/2019 19:07,9/2/2019 19:07,+00:00,ITSCPIX2,9/2/2019 19:04
F5796EU1,ITORDER,ITSCPIX2,ITSCPIX2,RDY,9/3/2019 19:06,9/3/2019 19:06,+00:00,1559447,1559470,999442180,953.14,ITIDR18 - itseelm-lx0169.ikea.com,ITIDR18 - itseelm-lx0169.ikea.com,OMS,SCPIX,,,,,9/3/2019 19:08,9/3/2019 19:08,+00:00,ITSCPIX2,9/3/2019 19:06
F5796EU1,ITORDER,ITSCPIX2,ITSCPIX2,RDY,9/4/2019 19:05,9/4/2019 19:05,+00:00,1497034,1497057,999903458,953.58,ITIDR18 - itseelm-lx0169.ikea.com,ITIDR18 - itseelm-lx0169.ikea.com,OMS,SCPIX,,,,,9/4/2019 19:08,9/4/2019 19:08,+00:00,ITSCPIX2,9/4/2019 19:05
F5796EU1,ITORDER,ITSCPIX2,ITSCPIX2,RDY,9/5/2019 19:03,9/5/2019 19:03,+00:00,1467115,1467138,999234184,952.94,ITIDR18 - itseelm-lx0169.ikea.com,ITIDR18 - itseelm-lx0169.ikea.com,OMS,SCPIX,,,,,9/5/2019 19:09,9/5/2019 19:09,+00:00,ITSCPIX2,9/5/2019 19:03
F5796EU1,ITORDER,ITSCPIX2,ITSCPIX2,RDY,9/6/2019 19:05,9/6/2019 19:05,+00:00,1445544,1445567,999735509,953.42,ITIDR18 - itseelm-lx0169.ikea.com,ITIDR18 - itseelm-lx0169.ikea.com,OMS,SCPIX,,,,,9/6/2019 19:09,9/6/2019 19:09,+00:00,ITSCPIX2,9/6/2019 19:05
F5796EU1,ITORDER,ITSCPIX2,ITSCPIX2,RDY,9/7/2019 18:59,9/7/2019 18:59,+00:00,767055,767078,940166099,896.61,ITIDR18 - itseelm-lx0169.ikea.com,ITIDR18 - itseelm-lx0169.ikea.com,OMS,SCPIX,,,,,9/7/2019 19:04,9/7/2019 19:04,+00:00,ITSCPIX2,9/7/2019 18:59
F5796EU1,ITORDER,ITSCPIX2,ITSCPIX2,RDY,9/8/2019 18:56,9/8/2019 18:56,+00:00,445130,445153,545680011,520.4,ITIDR18 - itseelm-lx0169.ikea.com,ITIDR18 - itseelm-lx0169.ikea.com,OMS,SCPIX,,,,,9/8/2019 19:00,9/8/2019 19:00,+00:00,ITSCPIX2,9/8/2019 18:56
F5796EU1,ITORDER,ITSCPIX2,ITSCPIX2,RDY,9/9/2019 19:01,9/9/2019 19:01,+00:00,1626658,1626681,999846881,953.53,ITIDR18 - itseelm-lx0169.ikea.com,ITIDR18 - itseelm-lx0169.ikea.com,OMS,SCPIX,,,,,9/9/2019 19:06,9/9/2019 19:06,+00:00,ITSCPIX2,9/9/2019 19:01
F5796EU1,ITORDER,ITSCPIX2,ITSCPIX2,RDY,9/10/2019 19:04,9/10/2019 19:04,+00:00,1486277,1486300,999758993,953.44,ITIDR18 - itseelm-lx0169.ikea.com,ITIDR18 - itseelm-lx0169.ikea.com,OMS,SCPIX,,,,,9/10/2019 19:06,9/10/2019 19:06,+00:00,ITSCPIX2,9/10/2019 19:04
F5796EU1,ITORDER,ITSCPIX2,ITSCPIX2,RDY,9/11/2019 19:04,9/11/2019 19:04,+00:00,1498813,1498836,999132992,952.85,ITIDR18 - itseelm-lx0169.ikea.com,ITIDR18 - itseelm-lx0169.ikea.com,OMS,SCPIX,,,,,9/11/2019 19:07,9/11/2019 19:07,+00:00,ITSCPIX2,9/11/2019 19:04
F5796EU1,ITORDER,ITSCPIX2,ITSCPIX2,RDY,9/12/2019 19:05,9/12/2019 19:05,+00:00,1465555,1465578,999290846,953,ITIDR18 - itseelm-lx0169.ikea.com,ITIDR18 - itseelm-lx0169.ikea.com,OMS,SCPIX,,,,,9/12/2019 19:07,9/12/2019 19:07,+00:00,ITSCPIX2,9/12/2019 19:05
F5796EU1,ITORDER,ITSCPIX2,ITSCPIX2,RDY,9/13/2019 19:03,9/13/2019 19:03,+00:00,1346618,1346641,999467248,953.17,ITIDR18 - itseelm-lx0169.ikea.com,ITIDR18 - itseelm-lx0169.ikea.com,OMS,SCPIX,,,,,9/13/2019 19:08,9/13/2019 19:08,+00:00,ITSCPIX2,9/13/2019 19:03
F5796EU1,ITORDER,ITSCPIX2,ITSCPIX2,RDY,9/14/2019 19:00,9/14/2019 19:00,+00:00,720278,720301,882808473,841.91,ITIDR18 - itseelm-lx0169.ikea.com,ITIDR18 - itseelm-lx0169.ikea.com,OMS,SCPIX,,,,,9/14/2019 19:03,9/14/2019 19:03,+00:00,ITSCPIX2,9/14/2019 19:00
F5796EU1,ITORDER,ITSCPIX2,ITSCPIX2,RDY,9/15/2019 18:58,9/15/2019 18:58,+00:00,418114,418137,512563115,488.82,ITIDR18 - itseelm-lx0169.ikea.com,ITIDR18 - itseelm-lx0169.ikea.com,OMS,SCPIX,,,,,9/15/2019 18:59,9/15/2019 18:59,+00:00,ITSCPIX2,9/15/2019 18:58
F5796EU1,ITORDER,ITSCPIX2,ITSCPIX2,RDY,9/16/2019 19:01,9/16/2019 19:01,+00:00,1624765,1624788,999510690,953.21,ITIDR18 - itseelm-lx0169.ikea.com,ITIDR18 - itseelm-lx0169.ikea.com,OMS,SCPIX,,,,,9/16/2019 19:04,9/16/2019 19:04,+00:00,ITSCPIX2,9/16/2019 19:01
F5796EU1,ITORDER,ITSCPIX2,ITSCPIX2,RDY,9/17/2019 19:03,9/17/2019 19:03,+00:00,1474304,1474327,999105991,952.82,ITIDR18 - itseelm-lx0169.ikea.com,ITIDR18 - itseelm-lx0169.ikea.com,OMS,SCPIX,,,,,9/17/2019 19:05,9/17/2019 19:05,+00:00,ITSCPIX2,9/17/2019 19:03
F5796EU1,ITORDER,ITSCPIX2,ITSCPIX2,RDY,9/18/2019 19:04,9/18/2019 19:04,+00:00,1479771,1479794,999804641,953.49,ITIDR18 - itseelm-lx0169.ikea.com,ITIDR18 - itseelm-lx0169.ikea.com,OMS,SCPIX,,,,,9/18/2019 19:06,9/18/2019 19:06,+00:00,ITSCPIX2,9/18/2019 19:04
F5796EU1,ITORDER,ITSCPIX2,ITSCPIX2,RDY,9/19/2019 19:03,9/19/2019 19:03,+00:00,1438561,1438584,999269170,952.98,ITIDR18 - itseelm-lx0169.ikea.com,ITIDR18 - itseelm-lx0169.ikea.com,OMS,SCPIX,,,,,9/19/2019 19:06,9/19/2019 19:06,+00:00,ITSCPIX2,9/19/2019 19:03
F5796EU1,ITORDER,ITSCPIX2,ITSCPIX2,RDY,9/20/2019 18:59,9/20/2019 18:59,+00:00,1402859,1402882,999430250,953.13,ITIDR18 - itseelm-lx0169.ikea.com,ITIDR18 - itseelm-lx0169.ikea.com,OMS,SCPIX,,,,,9/20/2019 19:02,9/20/2019 19:02,+00:00,ITSCPIX2,9/20/2019 18:59
F5796EU1,ITORDER,ITSCPIX2,ITSCPIX2,RDY,9/21/2019 18:57,9/21/2019 18:57,+00:00,707862,707885,867601090,827.41,ITIDR18 - itseelm-lx0169.ikea.com,ITIDR18 - itseelm-lx0169.ikea.com,OMS,SCPIX,,,,,9/21/2019 19:02,9/21/2019 19:02,+00:00,ITSCPIX2,9/21/2019 18:57
F5796EU1,ITORDER,ITSCPIX2,ITSCPIX2,RDY,9/22/2019 18:56,9/22/2019 18:56,+00:00,411711,411734,504714055,481.33,ITIDR18 - itseelm-lx0169.ikea.com,ITIDR18 - itseelm-lx0169.ikea.com,OMS,SCPIX,,,,,9/22/2019 18:58,9/22/2019 18:58,+00:00,ITSCPIX2,9/22/2019 18:56
F5796EU1,ITORDER,ITSCPIX2,ITSCPIX2,RDY,9/23/2019 19:00,9/23/2019 19:00,+00:00,1603159,1603182,999009142,952.73,ITIDR18 - itseelm-lx0169.ikea.com,ITIDR18 - itseelm-lx0169.ikea.com,OMS,SCPIX,,,,,9/23/2019 19:02,9/23/2019 19:02,+00:00,ITSCPIX2,9/23/2019 19:00
F5796EU1,ITORDER,ITSCPIX2,ITSCPIX2,RDY,9/24/2019 19:02,9/24/2019 19:02,+00:00,1479648,1479671,999664995,953.35,ITIDR18 - itseelm-lx0169.ikea.com,ITIDR18 - itseelm-lx0169.ikea.com,OMS,SCPIX,,,,,9/24/2019 19:05,9/24/2019 19:05,+00:00,ITSCPIX2,9/24/2019 19:02
F5796EU1,ITORDER,ITSCPIX2,ITSCPIX2,RDY,9/25/2019 19:00,9/25/2019 19:00,+00:00,1498846,1498869,999103838,952.82,ITIDR18 - itseelm-lx0169.ikea.com,ITIDR18 - itseelm-lx0169.ikea.com,OMS,SCPIX,,,,,9/25/2019 19:03,9/25/2019 19:03,+00:00,ITSCPIX2,9/25/2019 19:00
F5796EU1,ITORDER,ITSCPIX2,ITSCPIX2,RDY,9/26/2019 18:59,9/26/2019 18:59,+00:00,1463592,1463615,999902345,953.58,ITIDR18 - itseelm-lx0169.ikea.com,ITIDR18 - itseelm-lx0169.ikea.com,OMS,SCPIX,,,,,9/26/2019 19:02,9/26/2019 19:02,+00:00,ITSCPIX2,9/26/2019 18:59
F5796EU1,ITORDER,ITSCPIX2,ITSCPIX2,RDY,9/27/2019 19:00,9/27/2019 19:00,+00:00,1440468,1440491,999567113,953.26,ITIDR18 - itseelm-lx0169.ikea.com,ITIDR18 - itseelm-lx0169.ikea.com,OMS,SCPIX,,,,,9/27/2019 19:01,9/27/2019 19:01,+00:00,ITSCPIX2,9/27/2019 19:00
F5796EU1,ITORDER,ITSCPIX2,ITSCPIX2,RDY,9/28/2019 18:57,9/28/2019 18:57,+00:00,732728,732751,898037299,856.44,ITIDR18 - itseelm-lx0169.ikea.com,ITIDR18 - itseelm-lx0169.ikea.com,OMS,SCPIX,,,,,9/28/2019 19:00,9/28/2019 19:00,+00:00,ITSCPIX2,9/28/2019 18:57
F5796EU1,ITORDER,ITSCPIX2,ITSCPIX2,RDY,9/29/2019 18:53,9/29/2019 18:53,+00:00,510921,510944,626340890,597.33,ITIDR18 - itseelm-lx0169.ikea.com,ITIDR18 - itseelm-lx0169.ikea.com,OMS,SCPIX,,,,,9/29/2019 18:56,9/29/2019 18:56,+00:00,ITSCPIX2,9/29/2019 18:53
F5796EU1,ITORDER,ITSCPIX2,ITSCPIX2,RDY,9/30/2019 18:58,9/30/2019 18:58,+00:00,1599265,1599288,999164118,952.88,ITIDR18 - itseelm-lx0169.ikea.com,ITIDR18 - itseelm-lx0169.ikea.com,OMS,SCPIX,,,,,9/30/2019 19:01,9/30/2019 19:01,+00:00,ITSCPIX2,9/30/2019 18:58
F5796EU1,ITORDER,ITSCPIX2,ITSCPIX2,RDY,10/1/2019 19:02,10/1/2019 19:02,+00:00,1378310,1378333,999361226,953.07,ITIDR18 - itseelm-lx0169.ikea.com,ITIDR18 - itseelm-lx0169.ikea.com,OMS,SCPIX,,,,,10/1/2019 19:07,10/1/2019 19:07,+00:00,ITSCPIX2,10/1/2019 19:02
F5796EU1,ITORDER,ITSCPIX2,ITSCPIX2,RDY,10/2/2019 19:03,10/2/2019 19:03,+00:00,1313128,1313151,999382416,953.09,ITIDR18 - itseelm-lx0169.ikea.com,ITIDR18 - itseelm-lx0169.ikea.com,OMS,SCPIX,,,,,10/2/2019 19:07,10/2/2019 19:07,+00:00,ITSCPIX2,10/2/2019 19:03
F5796EU1,ITORDER,ITSCPIX2,ITSCPIX2,RDY,10/3/2019 19:02,10/3/2019 19:02,+00:00,1170975,1170998,999372463,953.08,ITIDR18 - itseelm-lx0169.ikea.com,ITIDR18 - itseelm-lx0169.ikea.com,OMS,SCPIX,,,,,10/3/2019 19:03,10/3/2019 19:03,+00:00,ITSCPIX2,10/3/2019 19:02
F5796EU1,ITORDER,ITSCPIX2,ITSCPIX2,RDY,10/4/2019 20:13,10/4/2019 20:13,+00:00,1365082,1365105,999194379,952.91,ITIDR18 - itseelm-lx0169.ikea.com,ITIDR18 - itseelm-lx0169.ikea.com,OMS,SCPIX,,,,,10/4/2019 20:14,10/4/2019 20:14,+00:00,ITSCPIX2,10/4/2019 20:13
F5796EU1,ITORDER,ITSCPIX2,ITSCPIX2,RDY,10/5/2019 18:57,10/5/2019 18:57,+00:00,770270,770293,944082079,900.35,ITIDR18 - itseelm-lx0169.ikea.com,ITIDR18 - itseelm-lx0169.ikea.com,OMS,SCPIX,,,,,10/5/2019 18:59,10/5/2019 18:59,+00:00,ITSCPIX2,10/5/2019 18:57
F5796EU1,ITORDER,ITSCPIX2,ITSCPIX2,RDY,10/6/2019 18:56,10/6/2019 18:56,+00:00,414698,414721,508411116,484.86,ITIDR18 - itseelm-lx0169.ikea.com,ITIDR18 - itseelm-lx0169.ikea.com,OMS,SCPIX,,,,,10/6/2019 19:00,10/6/2019 19:00,+00:00,ITSCPIX2,10/6/2019 18:56
F5796EU1,ITORDER,ITSCPIX2,ITSCPIX2,RDY,10/7/2019 18:58,10/7/2019 18:58,+00:00,1687034,1687057,999837358,953.52,ITIDR18 - itseelm-lx0169.ikea.com,ITIDR18 - itseelm-lx0169.ikea.com,OMS,SCPIX,,,,,10/7/2019 19:01,10/7/2019 19:01,+00:00,ITSCPIX2,10/7/2019 18:58
F5796EU1,ITORDER,ITSCPIX2,ITSCPIX2,RDY,10/8/2019 19:00,10/8/2019 19:00,+00:00,1491646,1491669,999388592,953.09,ITIDR18 - itseelm-lx0169.ikea.com,ITIDR18 - itseelm-lx0169.ikea.com,OMS,SCPIX,,,,,10/8/2019 19:01,10/8/2019 19:01,+00:00,ITSCPIX2,10/8/2019 19:00
F5796EU1,ITORDER,ITSCPIX2,ITSCPIX2,RDY,10/9/2019 19:01,10/9/2019 19:01,+00:00,1565857,1565880,999378875,953.08,ITIDR18 - itseelm-lx0169.ikea.com,ITIDR18 - itseelm-lx0169.ikea.com,OMS,SCPIX,,,,,10/9/2019 19:02,10/9/2019 19:02,+00:00,ITSCPIX2,10/9/2019 19:01
F5796EU1,ITORDER,ITSCPIX2,ITSCPIX2,RDY,10/10/2019 19:08,10/10/2019 19:08,+00:00,1490412,1490435,999837237,953.52,ITIDR18 - itseelm-lx0169.ikea.com,ITIDR18 - itseelm-lx0169.ikea.com,OMS,SCPIX,,,,,10/10/2019 19:12,10/10/2019 19:12,+00:00,ITSCPIX2,10/10/2019 19:08
F5796EU1,ITORDER,ITSCPIX2,ITSCPIX2,RDY,10/11/2019 18:59,10/11/2019 18:59,+00:00,1510574,1510597,999491566,953.19,ITIDR18 - itseelm-lx0169.ikea.com,ITIDR18 - itseelm-lx0169.ikea.com,OMS,SCPIX,,,,,10/11/2019 19:03,10/11/2019 19:03,+00:00,ITSCPIX2,10/11/2019 18:59
F5796EU1,ITORDER,ITSCPIX2,ITSCPIX2,RDY,10/12/2019 18:56,10/12/2019 18:56,+00:00,792572,792595,971452005,926.45,ITIDR18 - itseelm-lx0169.ikea.com,ITIDR18 - itseelm-lx0169.ikea.com,OMS,SCPIX,,,,,10/12/2019 18:59,10/12/2019 18:59,+00:00,ITSCPIX2,10/12/2019 18:56
F5796EU1,ITORDER,ITSCPIX2,ITSCPIX2,RDY,10/13/2019 18:54,10/13/2019 18:54,+00:00,475589,475612,583040165,556.03,ITIDR18 - itseelm-lx0169.ikea.com,ITIDR18 - itseelm-lx0169.ikea.com,OMS,SCPIX,,,,,10/13/2019 18:59,10/13/2019 18:59,+00:00,ITSCPIX2,10/13/2019 18:54
F5796EU1,ITORDER,ITSCPIX2,ITSCPIX2,RDY,10/14/2019 18:59,10/14/2019 18:59,+00:00,1707463,1707486,999942384,953.62,ITIDR18 - itseelm-lx0169.ikea.com,ITIDR18 - itseelm-lx0169.ikea.com,OMS,SCPIX,,,,,10/14/2019 19:01,10/14/2019 19:01,+00:00,ITSCPIX2,10/14/2019 18:59
F5796EU1,ITORDER,ITSCPIX2,ITSCPIX2,RDY,10/15/2019 19:01,10/15/2019 19:01,+00:00,1550987,1551010,999125983,952.84,ITIDR18 - itseelm-lx0169.ikea.com,ITIDR18 - itseelm-lx0169.ikea.com,OMS,SCPIX,,,,,10/15/2019 19:06,10/15/2019 19:06,+00:00,ITSCPIX2,10/15/2019 19:01
F5796EU1,ITORDER,ITSCPIX2,ITSCPIX2,RDY,10/16/2019 19:00,10/16/2019 19:00,+00:00,1537507,1537530,999658070,953.35,ITIDR18 - itseelm-lx0169.ikea.com,ITIDR18 - itseelm-lx0169.ikea.com,OMS,SCPIX,,,,,10/16/2019 19:02,10/16/2019 19:02,+00:00,ITSCPIX2,10/16/2019 19:00
F5796EU1,ITORDER,ITSCPIX2,ITSCPIX2,RDY,10/17/2019 19:00,10/17/2019 19:00,+00:00,1540553,1540576,999356573,953.06,ITIDR18 - itseelm-lx0169.ikea.com,ITIDR18 - itseelm-lx0169.ikea.com,OMS,SCPIX,,,,,10/17/2019 19:02,10/17/2019 19:02,+00:00,ITSCPIX2,10/17/2019 19:00
F5796EU1,ITORDER,ITSCPIX2,ITSCPIX2,RDY,10/18/2019 19:01,10/18/2019 19:01,+00:00,1524121,1524144,999143580,952.86,ITIDR18 - itseelm-lx0169.ikea.com,ITIDR18 - itseelm-lx0169.ikea.com,OMS,SCPIX,,,,,10/18/2019 19:04,10/18/2019 19:04,+00:00,ITSCPIX2,10/18/2019 19:01
F5796EU1,ITORDER,ITSCPIX2,ITSCPIX2,RDY,10/19/2019 18:57,10/19/2019 18:57,+00:00,825932,825955,999357950,953.06,ITIDR18 - itseelm-lx0169.ikea.com,ITIDR18 - itseelm-lx0169.ikea.com,OMS,SCPIX,,,,,10/19/2019 18:59,10/19/2019 18:59,+00:00,ITSCPIX2,10/19/2019 18:57
F5796EU1,ITORDER,ITSCPIX2,ITSCPIX2,RDY,10/20/2019 18:55,10/20/2019 18:55,+00:00,480710,480733,589317295,562.02,ITIDR18 - itseelm-lx0169.ikea.com,ITIDR18 - itseelm-lx0169.ikea.com,OMS,SCPIX,,,,,10/20/2019 19:00,10/20/2019 19:00,+00:00,ITSCPIX2,10/20/2019 18:55
F5796EU1,ITORDER,ITSCPIX2,ITSCPIX2,RDY,10/21/2019 20:40,10/21/2019 20:40,+00:00,1008913,1008936,999217575,952.93,ITIDR18 - itseelm-lx0169.ikea.com,ITIDR18 - itseelm-lx0169.ikea.com,OMS,SCPIX,,,,,10/21/2019 20:42,10/21/2019 20:42,+00:00,ITSCPIX2,10/21/2019 20:40
F5796EU1,ITORDER,ITSCPIX2,ITSCPIX2,RDY,10/22/2019 19:00,10/22/2019 19:00,+00:00,1624404,1624427,999149199,952.86,ITIDR18 - itseelm-lx0169.ikea.com,ITIDR18 - itseelm-lx0169.ikea.com,OMS,SCPIX,,,,,10/22/2019 19:02,10/22/2019 19:02,+00:00,ITSCPIX2,10/22/2019 19:00
F5796EU1,ITORDER,ITSCPIX2,ITSCPIX2,RDY,10/23/2019 19:03,10/23/2019 19:03,+00:00,1605833,1605856,999363683,953.07,ITIDR18 - itseelm-lx0169.ikea.com,ITIDR18 - itseelm-lx0169.ikea.com,OMS,SCPIX,,,,,10/23/2019 19:08,10/23/2019 19:08,+00:00,ITSCPIX2,10/23/2019 19:03
F5796EU1,ITORDER,ITSCPIX2,ITSCPIX2,RDY,10/24/2019 19:01,10/24/2019 19:01,+00:00,1598270,1598293,999103477,952.82,ITIDR18 - itseelm-lx0169.ikea.com,ITIDR18 - itseelm-lx0169.ikea.com,OMS,SCPIX,,,,,10/24/2019 19:04,10/24/2019 19:04,+00:00,ITSCPIX2,10/24/2019 19:01
F5796EU1,ITORDER,ITSCPIX2,ITSCPIX2,RDY,10/25/2019 19:04,10/25/2019 19:04,+00:00,1393382,1393405,999974326,953.65,ITIDR18 - itseelm-lx0169.ikea.com,ITIDR18 - itseelm-lx0169.ikea.com,OMS,SCPIX,,,,,10/25/2019 19:09,10/25/2019 19:09,+00:00,ITSCPIX2,10/25/2019 19:04
F5796EU1,ITORDER,ITSCPIX2,ITSCPIX2,RDY,10/26/2019 19:00,10/26/2019 19:00,+00:00,1278646,1278669,999340465,953.05,ITIDR18 - itseelm-lx0169.ikea.com,ITIDR18 - itseelm-lx0169.ikea.com,OMS,SCPIX,,,,,10/26/2019 19:05,10/26/2019 19:05,+00:00,ITSCPIX2,10/26/2019 19:00
F5796EU1,ITORDER,ITSCPIX2,ITSCPIX2,RDY,10/27/2019 19:53,10/27/2019 19:53,+00:00,467673,467696,573302184,546.74,ITIDR18 - itseelm-lx0169.ikea.com,ITIDR18 - itseelm-lx0169.ikea.com,OMS,SCPIX,,,,,10/27/2019 19:56,10/27/2019 19:56,+00:00,ITSCPIX2,10/27/2019 19:53
F5796EU1,ITORDER,ITSCPIX2,ITSCPIX2,RDY,10/28/2019 19:54,10/28/2019 19:54,+00:00,1703300,1703323,999755724,953.44,ITIDR18 - itseelm-lx0169.ikea.com,ITIDR18 - itseelm-lx0169.ikea.com,OMS,SCPIX,,,,,10/28/2019 19:58,10/28/2019 19:58,+00:00,ITSCPIX2,10/28/2019 19:54
F5796EU1,ITORDER,ITSCPIX2,ITSCPIX2,RDY,10/29/2019 19:56,10/29/2019 19:56,+00:00,1628916,1628939,999677001,953.37,ITIDR18 - itseelm-lx0169.ikea.com,ITIDR18 - itseelm-lx0169.ikea.com,OMS,SCPIX,,,,,10/29/2019 19:58,10/29/2019 19:58,+00:00,ITSCPIX2,10/29/2019 19:56
F5796EU1,ITORDER,ITSCPIX2,ITSCPIX2,RDY,10/30/2019 19:57,10/30/2019 19:57,+00:00,1602033,1602056,999742318,953.43,ITIDR18 - itseelm-lx0169.ikea.com,ITIDR18 - itseelm-lx0169.ikea.com,OMS,SCPIX,,,,,10/30/2019 20:03,10/30/2019 20:03,+00:00,ITSCPIX2,10/30/2019 19:57
F5796EU1,ITORDER,ITSCPIX2,ITSCPIX2,RDY,10/31/2019 19:55,10/31/2019 19:55,+00:00,1488905,1488928,999029734,952.75,ITIDR18 - itseelm-lx0169.ikea.com,ITIDR18 - itseelm-lx0169.ikea.com,OMS,SCPIX,,,,,10/31/2019 19:59,10/31/2019 19:59,+00:00,ITSCPIX2,10/31/2019 19:55
F5796EU1,ITORDER,ITSCPIX2,ITSCPIX2,RDY,11/1/2019 19:56,11/1/2019 19:56,+00:00,960403,960426,999259448,952.97,ITIDR18 - itseelm-lx0169.ikea.com,ITIDR18 - itseelm-lx0169.ikea.com,OMS,SCPIX,,,,,11/1/2019 19:59,11/1/2019 19:59,+00:00,ITSCPIX2,11/1/2019 19:56
F5796EU1,ITORDER,ITSCPIX2,ITSCPIX2,RDY,11/2/2019 19:53,11/2/2019 19:53,+00:00,654204,654227,801843024,764.7,ITIDR18 - itseelm-lx0169.ikea.com,ITIDR18 - itseelm-lx0169.ikea.com,OMS,SCPIX,,,,,11/2/2019 19:56,11/2/2019 19:56,+00:00,ITSCPIX2,11/2/2019 19:53
F5796EU1,ITORDER,ITSCPIX2,ITSCPIX2,RDY,11/3/2019 19:53,11/3/2019 19:53,+00:00,472666,472689,579464037,552.62,ITIDR18 - itseelm-lx0169.ikea.com,ITIDR18 - itseelm-lx0169.ikea.com,OMS,SCPIX,,,,,11/3/2019 19:57,11/3/2019 19:57,+00:00,ITSCPIX2,11/3/2019 19:53
F5796EU1,ITORDER,ITSCPIX2,ITSCPIX2,RDY,11/4/2019 19:59,11/4/2019 19:59,+00:00,1738100,1738123,999457240,953.16,ITIDR18 - itseelm-lx0169.ikea.com,ITIDR18 - itseelm-lx0169.ikea.com,OMS,SCPIX,,,,,11/4/2019 20:02,11/4/2019 20:02,+00:00,ITSCPIX2,11/4/2019 19:59
F5796EU1,ITORDER,ITSCPIX2,ITSCPIX2,RDY,11/5/2019 19:58,11/5/2019 19:58,+00:00,1673929,1673952,999885059,953.56,ITIDR18 - itseelm-lx0169.ikea.com,ITIDR18 - itseelm-lx0169.ikea.com,OMS,SCPIX,,,,,11/5/2019 20:03,11/5/2019 20:03,+00:00,ITSCPIX2,11/5/2019 19:58
F5796EU1,ITORDER,ITSCPIX2,ITSCPIX2,RDY,11/6/2019 20:00,11/6/2019 20:00,+00:00,1593657,1593680,999396294,953.1,ITIDR18 - itseelm-lx0169.ikea.com,ITIDR18 - itseelm-lx0169.ikea.com,OMS,SCPIX,,,,,11/6/2019 20:04,11/6/2019 20:04,+00:00,ITSCPIX2,11/6/2019 20:00
F5796EU1,ITORDER,ITSCPIX2,ITSCPIX2,RDY,11/7/2019 19:57,11/7/2019 19:57,+00:00,1520797,1520820,999078522,952.8,ITIDR18 - itseelm-lx0169.ikea.com,ITIDR18 - itseelm-lx0169.ikea.com,OMS,SCPIX,,,,,11/7/2019 20:01,11/7/2019 20:01,+00:00,ITSCPIX2,11/7/2019 19:57
F5796EU1,ITORDER,ITSCPIX2,ITSCPIX2,RDY,11/8/2019 19:59,11/8/2019 19:59,+00:00,1589700,1589723,999536120,953.23,ITIDR18 - itseelm-lx0169.ikea.com,ITIDR18 - itseelm-lx0169.ikea.com,OMS,SCPIX,,,,,11/8/2019 20:01,11/8/2019 20:01,+00:00,ITSCPIX2,11/8/2019 19:59
F5796EU1,ITORDER,ITSCPIX2,ITSCPIX2,RDY,11/9/2019 19:56,11/9/2019 19:56,+00:00,803509,803532,984824930,939.2,ITIDR18 - itseelm-lx0169.ikea.com,ITIDR18 - itseelm-lx0169.ikea.com,OMS,SCPIX,,,,,11/9/2019 19:57,11/9/2019 19:57,+00:00,ITSCPIX2,11/9/2019 19:56
F5796EU1,ITORDER,ITSCPIX2,ITSCPIX2,RDY,11/10/2019 19:53,11/10/2019 19:53,+00:00,475002,475025,582327618,555.35,ITIDR18 - itseelm-lx0169.ikea.com,ITIDR18 - itseelm-lx0169.ikea.com,OMS,SCPIX,,,,,11/10/2019 19:58,11/10/2019 19:58,+00:00,ITSCPIX2,11/10/2019 19:53
F5796EU1,ITORDER,ITSCPIX2,ITSCPIX2,RDY,11/11/2019 19:56,11/11/2019 19:56,+00:00,1477351,1477374,999744530,953.43,ITIDR18 - itseelm-lx0169.ikea.com,ITIDR18 - itseelm-lx0169.ikea.com,OMS,SCPIX,,,,,11/11/2019 19:58,11/11/2019 19:58,+00:00,ITSCPIX2,11/11/2019 19:56
F5796EU1,ITORDER,ITSCPIX2,ITSCPIX2,RDY,11/12/2019 20:34,11/12/2019 20:34,+00:00,1717074,1717097,999677017,953.37,ITIDR18 - itseelm-lx0169.ikea.com,ITIDR18 - itseelm-lx0169.ikea.com,OMS,SCPIX,,,,,11/12/2019 20:39,11/12/2019 20:39,+00:00,ITSCPIX2,11/12/2019 20:34
F5796EU1,ITORDER,ITSCPIX2,ITSCPIX2,RDY,11/13/2019 20:01,11/13/2019 20:01,+00:00,1630356,1630379,999413182,953.11,ITIDR18 - itseelm-lx0169.ikea.com,ITIDR18 - itseelm-lx0169.ikea.com,OMS,SCPIX,,,,,11/13/2019 20:05,11/13/2019 20:05,+00:00,ITSCPIX2,11/13/2019 20:01
F5796EU1,ITORDER,ITSCPIX2,ITSCPIX2,RDY,11/14/2019 20:02,11/14/2019 20:02,+00:00,1567855,1567878,999741302,953.43,ITIDR18 - itseelm-lx0169.ikea.com,ITIDR18 - itseelm-lx0169.ikea.com,OMS,SCPIX,,,,,11/14/2019 20:06,11/14/2019 20:06,+00:00,ITSCPIX2,11/14/2019 20:02
F5796EU1,ITORDER,ITSCPIX2,ITSCPIX2,RDY,11/15/2019 19:58,11/15/2019 19:58,+00:00,1513158,1513181,999664746,953.35,ITIDR18 - itseelm-lx0169.ikea.com,ITIDR18 - itseelm-lx0169.ikea.com,OMS,SCPIX,,,,,11/15/2019 20:02,11/15/2019 20:02,+00:00,ITSCPIX2,11/15/2019 19:58
F5796EU1,ITORDER,ITSCPIX2,ITSCPIX2,RDY,11/16/2019 19:55,11/16/2019 19:55,+00:00,698196,698219,855731542,816.09,ITIDR18 - itseelm-lx0169.ikea.com,ITIDR18 - itseelm-lx0169.ikea.com,OMS,SCPIX,,,,,11/16/2019 19:58,11/16/2019 19:58,+00:00,ITSCPIX2,11/16/2019 19:55
F5796EU1,ITORDER,ITSCPIX2,ITSCPIX2,RDY,11/17/2019 19:53,11/17/2019 19:53,+00:00,529379,529402,648945273,618.88,ITIDR18 - itseelm-lx0169.ikea.com,ITIDR18 - itseelm-lx0169.ikea.com,OMS,SCPIX,,,,,11/17/2019 19:58,11/17/2019 19:58,+00:00,ITSCPIX2,11/17/2019 19:53
F5796EU1,ITORDER,ITSCPIX2,ITSCPIX2,RDY,11/18/2019 19:57,11/18/2019 19:57,+00:00,1712000,1712023,999383534,953.09,ITIDR18 - itseelm-lx0169.ikea.com,ITIDR18 - itseelm-lx0169.ikea.com,OMS,SCPIX,,,,,11/18/2019 20:00,11/18/2019 20:00,+00:00,ITSCPIX2,11/18/2019 19:57
F5796EU1,ITORDER,ITSCPIX2,ITSCPIX2,RDY,11/19/2019 19:59,11/19/2019 19:59,+00:00,1608103,1608126,999993301,953.67,ITIDR18 - itseelm-lx0169.ikea.com,ITIDR18 - itseelm-lx0169.ikea.com,OMS,SCPIX,,,,,11/19/2019 20:01,11/19/2019 20:01,+00:00,ITSCPIX2,11/19/2019 19:59
F5796EU1,ITORDER,ITSCPIX2,ITSCPIX2,RDY,11/20/2019 19:58,11/20/2019 19:58,+00:00,1581930,1581953,999935778,953.61,ITIDR18 - itseelm-lx0169.ikea.com,ITIDR18 - itseelm-lx0169.ikea.com,OMS,SCPIX,,,,,11/20/2019 20:01,11/20/2019 20:01,+00:00,ITSCPIX2,11/20/2019 19:58
F5796EU1,ITORDER,ITSCPIX2,ITSCPIX2,RDY,11/21/2019 19:58,11/21/2019 19:58,+00:00,1574298,1574321,999594133,953.29,ITIDR18 - itseelm-lx0169.ikea.com,ITIDR18 - itseelm-lx0169.ikea.com,OMS,SCPIX,,,,,11/21/2019 20:02,11/21/2019 20:02,+00:00,ITSCPIX2,11/21/2019 19:58
F5796EU1,ITORDER,ITSCPIX2,ITSCPIX2,RDY,11/22/2019 19:59,11/22/2019 19:59,+00:00,1487663,1487686,999340136,953.05,ITIDR18 - itseelm-lx0169.ikea.com,ITIDR18 - itseelm-lx0169.ikea.com,OMS,SCPIX,,,,,11/22/2019 20:03,11/22/2019 20:03,+00:00,ITSCPIX2,11/22/2019 19:59
F5796EU1,ITORDER,ITSCPIX2,ITSCPIX2,RDY,11/23/2019 19:56,11/23/2019 19:56,+00:00,786764,786787,964265491,919.6,ITIDR18 - itseelm-lx0169.ikea.com,ITIDR18 - itseelm-lx0169.ikea.com,OMS,SCPIX,,,,,11/23/2019 19:59,11/23/2019 19:59,+00:00,ITSCPIX2,11/23/2019 19:56
F5796EU1,ITORDER,ITSCPIX2,ITSCPIX2,RDY,11/24/2019 19:53,11/24/2019 19:53,+00:00,465066,465089,570127141,543.72,ITIDR18 - itseelm-lx0169.ikea.com,ITIDR18 - itseelm-lx0169.ikea.com,OMS,SCPIX,,,,,11/24/2019 19:55,11/24/2019 19:55,+00:00,ITSCPIX2,11/24/2019 19:53
F5796EU1,ITORDER,ITSCPIX2,ITSCPIX2,RDY,11/25/2019 19:57,11/25/2019 19:57,+00:00,1672891,1672914,999467868,953.17,ITIDR18 - itseelm-lx0169.ikea.com,ITIDR18 - itseelm-lx0169.ikea.com,OMS,SCPIX,,,,,11/25/2019 20:01,11/25/2019 20:01,+00:00,ITSCPIX2,11/25/2019 19:57
F5796EU1,ITORDER,ITSCPIX2,ITSCPIX2,RDY,11/26/2019 19:59,11/26/2019 19:59,+00:00,1598695,1598718,999576355,953.27,ITIDR18 - itseelm-lx0169.ikea.com,ITIDR18 - itseelm-lx0169.ikea.com,OMS,SCPIX,,,,,11/26/2019 20:02,11/26/2019 20:02,+00:00,ITSCPIX2,11/26/2019 19:59
